{"results":[{"app":"","data":{"neutral":0.9999980926513672,"happy":1.2631901746829044e-8,"sad":0.0000016917836092034122,"angry":1.325271625773894e-7,"fearful":5.463628438562296e-10,"disgusted":3.2311970876719442e-9,"surprised":3.207117771353296e-8},"time":"2020-08-16T05:36:31.533Z"}]}