{"results":[{"app":"","data":{"neutral":0.9969797134399414,"happy":0.000003602605147534632,"sad":0.0029825475066900253,"angry":0.00002584085814305581,"fearful":9.199450090591199e-10,"disgusted":7.507764365755065e-8,"surprised":0.000008225779311032966},"time":"2020-08-16T03:24:25.246Z"}]}