{"results":[{"app":"data.json - Hackathon - Visual Studio Code\r\n","data":{"neutral":0.9974400997161865,"happy":0.0025461476761847734,"sad":6.270236667660356e-7,"angry":0.000010392977856099606,"fearful":1.142778316420845e-9,"disgusted":0.0000011155647143823444,"surprised":0.0000015644550330762286},"time":"2020-08-15T21:16:42.675Z"}]}