{"results":[{"neutral":0.5462594628334045,"happy":0.45349806547164917,"sad":0.00014718878082931042,"angry":0.000023711629182798788,"fearful":6.845216660167353e-8,"disgusted":0.00004648621325031854,"surprised":0.00002503086216165684}]}