{"results":[{"app":"faceReader.js - Hackathon - Visual Studio Code\r\n","data":{"neutral":0.899402916431427,"happy":0.10056625306606293,"sad":0.00000109645100110356,"angry":9.086335808206059e-7,"fearful":1.249763736943521e-9,"disgusted":0.000014881566130497959,"surprised":0.000013905448213336058},"time":"2020-08-15T22:40:38.221Z"}]}