{"neutral":0.0001224749576067552,"happy":3.233573409033852e-7,"sad":0.9998738765716553,"angry":8.962916098198548e-8,"fearful":4.07240343877624e-12,"disgusted":0.0000031615231819159817,"surprised":3.575128193489263e-9}