{"neutral":0.21801671385765076,"happy":0.031294818967580795,"sad":0.7325641512870789,"angry":0.007131593301892281,"fearful":2.4743398441273712e-8,"disgusted":0.01074579544365406,"surprised":0.00024691520957276225}