{"neutral":0.9778704643249512,"happy":0.021886982023715973,"sad":0.0000016000689129214152,"angry":0.00006539827154483646,"fearful":7.805069479616122e-9,"disgusted":0.00016550680447835475,"surprised":0.000010065369679068681}